13,CPLEX Default,lunghezza crescente,score reduced costs somma crescente,score reduced costs medio crescente,lunghezza crescente duplicati in cima,score reduced costs somma crescente duplicati in cima,score reduced costs medio crescente duplicati in cima,lunghezza decrescente,score reduced costs somma decrescente,score reduced costs medio decrescente,lunghezza decrescente duplicati in cima,score reduced costs somma decrescente duplicati in cima,score reduced costs medio decrescente duplicati in cima
../Dataset/ReducedLP/scpb2_reduced.lp,1.000925,1.191816,0.47156400000000004,0.469628,0.46790600000000004,0.48266800000000004,0.480017,0.464379,0.47624399999999995,0.466079,0.46669399999999994,0.480213,0.481811
../Dataset/ReducedLP/scpb2_reduced.lp,0.481875,0.49199,0.501517,0.5008020000000001,0.482889,0.49793999999999994,0.49597299999999994,0.48949799999999993,0.500476,0.49876800000000004,0.498356,0.514893,0.5151180000000001
../Dataset/ReducedLP/scpb2_reduced.lp,0.44146,0.46418999999999994,0.485067,0.47959399999999996,0.465136,0.48303199999999996,0.475016,0.460016,0.474058,0.47231999999999996,0.45792,0.47518999999999995,0.473096
../Dataset/ReducedLP/scpb2_reduced.lp,0.424886,0.45577,0.474343,0.465301,0.466002,0.481579,0.479591,0.46992799999999996,0.462933,0.46338500000000005,0.46118400000000004,0.47793,0.47861400000000004
../Dataset/ReducedLP/scpb2_reduced.lp,0.45757,0.485067,0.494029,0.499513,0.493363,0.50317,0.503608,0.49101300000000003,0.47502799999999995,0.48395200000000005,0.47456899999999996,0.492358,0.49399399999999993
../Dataset/ReducedLP/scpb2_reduced.lp,0.616768,0.46397299999999997,0.466841,0.467631,0.469153,0.47980900000000004,0.478757,0.467358,0.479462,0.47134499999999996,0.46152200000000004,0.46821,0.46779499999999996
../Dataset/ReducedLP/scpb2_reduced.lp,0.450573,0.47405600000000003,0.9615229999999999,0.960451,0.472447,0.482203,0.48276899999999995,0.45966,0.508364,0.49438999999999994,0.46629799999999993,0.482637,0.479343
../Dataset/ReducedLP/scpb2_reduced.lp,0.4310350000000001,0.461398,0.477836,0.474901,0.472426,0.485925,0.48695600000000006,0.465685,0.465527,0.463796,0.861922,0.472941,0.46925
../Dataset/ReducedLP/scpb2_reduced.lp,0.435649,0.48226,0.488467,0.487762,0.481339,0.49673,0.496276,0.478079,0.502538,0.496514,0.46978100000000006,0.48226199999999997,0.480893
../Dataset/ReducedLP/scpb2_reduced.lp,0.425633,0.558212,0.47907700000000003,0.472132,0.466289,0.481245,0.48097,0.468339,0.48349899999999996,0.4738,0.465654,0.48321000000000003,0.480837
../Dataset/ReducedLP/scpb4_reduced.lp,1.277725,0.819709,0.554349,0.556995,0.6105149999999999,0.622527,0.625789,0.522775,0.540455,0.6618890000000001,0.564615,0.583712,0.5820270000000001
../Dataset/ReducedLP/scpb4_reduced.lp,0.483579,0.5727909999999999,0.523068,0.526447,0.52308,0.536752,0.54059,0.511907,0.5336569999999999,0.5983,0.518726,0.535697,0.5308
../Dataset/ReducedLP/scpb4_reduced.lp,0.491766,0.521821,0.539562,0.538081,0.525513,0.542593,0.538798,0.527151,0.5365300000000001,0.5412020000000001,0.5193300000000001,0.5300229999999999,0.532658
../Dataset/ReducedLP/scpb4_reduced.lp,0.456712,0.507454,0.520554,0.516061,0.493758,0.513975,0.5167390000000001,0.498544,0.5533319999999999,0.532474,0.492867,0.5118699999999999,0.506564
../Dataset/ReducedLP/scpb4_reduced.lp,0.517469,0.554068,0.576709,0.571767,0.5535479999999999,0.5720149999999999,0.562174,0.546288,0.55881,0.57447,0.536402,0.5559970000000001,0.55379
../Dataset/ReducedLP/scpb4_reduced.lp,0.829728,0.5275529999999999,0.527342,0.525411,0.519497,0.5366850000000001,0.535593,0.523948,0.5289510000000001,0.544191,0.529174,0.547622,0.541349
../Dataset/ReducedLP/scpb4_reduced.lp,0.539676,0.5699850000000001,1.089545,1.085939,0.581675,0.598634,0.594938,0.601288,0.588662,0.57821,0.5754020000000001,0.5858720000000001,0.592856
../Dataset/ReducedLP/scpb4_reduced.lp,0.502796,0.539151,0.58391,0.5814050000000001,0.529315,0.548042,0.541944,0.530279,0.571267,0.556656,1.020265,0.550583,0.557334
../Dataset/ReducedLP/scpb4_reduced.lp,0.503378,0.513934,0.539996,0.536563,0.523913,0.542133,0.541596,0.509807,0.543493,0.544189,0.5281859999999999,0.597707,0.54318
../Dataset/ReducedLP/scpb4_reduced.lp,0.488557,0.9610360000000001,0.516583,0.518062,0.515338,0.550004,0.526874,0.496838,0.51446,0.520533,0.51077,0.531361,0.527475
../Dataset/ReducedLP/scpc2_reduced.lp,0.97803,0.76513,0.378707,0.37940999999999997,0.374215,0.38166100000000003,0.379975,0.377158,0.378368,0.374259,0.372874,0.378608,0.374621
../Dataset/ReducedLP/scpc2_reduced.lp,0.318048,0.377064,0.33905,0.34071399999999996,0.337287,0.344258,0.339398,0.33428800000000003,0.341438,0.340828,0.329884,0.337498,0.344722
../Dataset/ReducedLP/scpc2_reduced.lp,0.366934,0.368239,0.38105500000000003,0.386423,0.376293,0.383015,0.382357,0.368444,0.375498,0.37450700000000003,0.374168,0.381658,0.385912
../Dataset/ReducedLP/scpc2_reduced.lp,0.34136500000000003,0.35788200000000003,0.363796,0.363641,0.357614,0.358325,0.363007,0.352184,0.36351700000000003,0.363887,0.35135,0.361008,0.363572
../Dataset/ReducedLP/scpc2_reduced.lp,0.349159,0.37409499999999996,0.367923,0.366018,0.36607199999999995,0.38848,0.388373,0.366322,0.36240300000000003,0.37298200000000004,0.364577,0.368915,0.365173
../Dataset/ReducedLP/scpc2_reduced.lp,0.967596,0.36339099999999996,0.36436599999999997,0.368919,0.369429,0.367268,0.36959899999999996,0.366398,0.365799,0.365385,0.365063,0.371006,0.36531199999999997
../Dataset/ReducedLP/scpc2_reduced.lp,0.354241,0.35139499999999996,0.685758,0.686135,0.351729,0.372935,0.369603,0.350694,0.365105,0.37080599999999997,0.352903,0.366923,0.36304000000000003
../Dataset/ReducedLP/scpc2_reduced.lp,0.351648,0.367978,0.366682,0.395939,0.364221,0.367707,0.368464,0.364146,0.3725,0.37609499999999996,0.680523,0.3716,0.368
../Dataset/ReducedLP/scpc2_reduced.lp,0.35070500000000004,0.351425,0.375872,0.377821,0.35620999999999997,0.376718,0.37002199999999996,0.353576,0.368084,0.373636,0.360295,0.36586399999999997,0.36362
../Dataset/ReducedLP/scpc2_reduced.lp,0.345288,0.602633,0.372632,0.371618,0.351227,0.685569,0.36644499999999997,0.345852,0.347787,0.366588,0.350242,0.352096,0.355187
../Dataset/ReducedLP/scpc3_reduced.lp,0.929154,0.741887,0.387468,0.387934,0.394465,0.420425,0.42489499999999997,0.399379,0.418022,0.416158,0.39315,0.419497,0.41687700000000005
../Dataset/ReducedLP/scpc3_reduced.lp,0.355814,0.369027,0.381434,0.37919899999999995,0.369293,0.38052800000000003,0.381776,0.370149,0.37940799999999997,0.379247,0.369262,0.375917,0.37639
../Dataset/ReducedLP/scpc3_reduced.lp,0.355459,0.38381,0.41703100000000004,0.415145,0.40624,0.408285,0.402223,0.384558,0.383327,0.386262,0.40155100000000005,0.39313899999999996,0.391133
../Dataset/ReducedLP/scpc3_reduced.lp,0.361836,0.36907399999999996,0.370352,0.37661100000000003,0.38687,0.379777,0.375182,0.376202,0.378741,0.377469,0.37645100000000004,0.390283,0.385226
../Dataset/ReducedLP/scpc3_reduced.lp,0.372698,0.385546,0.403887,0.398428,0.391443,0.391908,0.39309499999999997,0.39256199999999997,0.39855100000000004,0.393755,0.382343,0.397268,0.40123400000000004
../Dataset/ReducedLP/scpc3_reduced.lp,1.32051,0.388408,0.38063,0.382784,0.38425,0.38451599999999997,0.382429,0.37952600000000003,0.391862,0.381606,0.377096,0.39156399999999997,0.387741
../Dataset/ReducedLP/scpc3_reduced.lp,0.504285,0.532646,1.009166,1.028835,0.529107,0.530406,0.5337649999999999,0.517105,0.546851,0.528991,0.524795,0.538931,0.539588
../Dataset/ReducedLP/scpc3_reduced.lp,0.385093,0.38401,0.39505,0.394565,0.382063,0.390511,0.391404,0.397787,0.39201199999999997,0.396729,0.722309,0.387806,0.390487
../Dataset/ReducedLP/scpc3_reduced.lp,0.4005780000000001,0.431968,0.42461000000000004,0.426009,0.41206499999999996,0.422099,0.421137,0.397233,0.41368900000000003,0.416591,0.40918699999999997,0.419426,0.415638
../Dataset/ReducedLP/scpc3_reduced.lp,0.368286,0.41265,0.409732,0.40570300000000004,0.389329,0.392851,0.731907,0.386183,0.403016,0.39181900000000003,0.38684,0.39719299999999996,0.393004
../Dataset/ReducedLP/scpclr10_reduced.lp,24.50374,14.997694000000001,20.756860999999997,20.721095000000002,16.383505,16.348953,16.346901000000003,23.490854000000002,17.406341,16.821079,38.763098,38.826167,38.793336
../Dataset/ReducedLP/scpclr10_reduced.lp,11.146887,11.906939,12.217155,12.211789,11.305491,11.293838000000001,11.268362,16.844572,14.250812,10.635873,35.585894,35.560543,35.65537
../Dataset/ReducedLP/scpclr10_reduced.lp,11.05233,14.484186,16.504101000000002,16.518199,12.279876,12.279571,12.301061,22.189996,21.698806,17.924622,18.126860999999998,18.118752999999998,18.18167
../Dataset/ReducedLP/scpclr10_reduced.lp,16.8886,16.946106,17.780889000000002,34.34401,15.921183,15.902729,15.871064000000002,20.974643,20.513355999999998,17.565073,24.313407,24.303031,24.288157
../Dataset/ReducedLP/scpclr10_reduced.lp,6.298415,6.651091,6.109629,6.121843,6.056568,6.07405,6.066298000000001,6.703691,6.656994,6.3254529999999995,6.808732000000001,6.816248,6.834808
../Dataset/ReducedLP/scpclr10_reduced.lp,5.860030999999998,23.611269,25.308817,25.335978,24.481091,24.431295000000002,24.445842000000003,25.259426,25.787772,21.973124,33.010339,33.032769,33.10096
../Dataset/ReducedLP/scpclr10_reduced.lp,18.606231,8.692791999999999,15.630176,15.685409,7.904717,7.931761999999999,7.939071,10.256115,9.881671,8.706660000000001,8.134547,8.154518,8.147274000000001
../Dataset/ReducedLP/scpclr10_reduced.lp,10.803463,15.199233999999999,13.710306,13.687917,14.989118,15.021010999999998,15.000212,24.524624,20.981208,17.030652,43.757682,22.575663,22.574832999999998
../Dataset/ReducedLP/scpclr10_reduced.lp,21.458966,28.915066999999997,24.678563,24.699733,27.937753999999998,27.939895,27.949202000000003,42.455352000000005,41.744911,29.128397999999997,41.0336,41.036381,41.070605
../Dataset/ReducedLP/scpclr10_reduced.lp,12.302688,13.930007000000002,12.260206,12.303453,12.993456,12.955974000000001,25.107867000000002,14.24329,14.625804,12.083256,18.768265,18.740289999999998,18.77843
../Dataset/ReducedLP/scpclr11_reduced.lp,1392.560093,1285.163198,1509.876901,1508.284203,1285.363925,1284.305032,1283.415622,1414.850351,1667.617609,1729.154302,1836.0230420000003,1833.6146899999999,1830.2399469999998
../Dataset/ReducedLP/scpclr11_reduced.lp,1329.400178,1403.359966,1768.575345,1772.368309,1402.912319,1404.222212,1402.000825,1584.461268,1805.893404,3362.529461,2122.271889,2125.935999,2126.552691
../Dataset/ReducedLP/scpclr11_reduced.lp,1604.2516039999996,1343.003145,1526.637227,1523.671869,1346.94043,1344.2616130000001,1347.0816539999998,1589.8430720000001,1952.092322,1396.6601560000001,2151.7965059999997,2151.787175,2152.233279
../Dataset/ReducedLP/scpclr11_reduced.lp,1567.083379,1507.134453,1808.9970440000002,3476.171138,1508.0123640000002,1505.3081140000002,1506.3475460000002,1875.493411,1931.7489690000002,1776.767877,3600.586264,2399.0402280000003,2399.1269190000003
../Dataset/ReducedLP/scpclr11_reduced.lp,3024.690072,1617.545347,1739.797068,1741.391218,1617.523834,1614.981923,1619.050847,1751.116019,1893.983368,1430.626994,2290.68254,2289.721328,2290.46166
../Dataset/ReducedLP/scpclr11_reduced.lp,1268.873633,1392.607582,1568.246883,1573.594558,1392.951319,1389.436749,1390.379728,1590.981343,1825.9702969999998,1823.4107219999999,2000.578146,1997.522293,1996.165947
../Dataset/ReducedLP/scpclr11_reduced.lp,1284.35075,1758.2309010000001,3601.4767549999997,1951.3102780000002,1758.4289440000002,1754.8423480000001,1757.955375,1908.2915460000002,2012.877186,1910.135901,3295.1744489999996,3300.252279,3298.470872
../Dataset/ReducedLP/scpclr11_reduced.lp,1413.874656,1516.152327,1644.418601,1636.957498,1517.720342,1520.673517,1516.818875,1690.59516,1795.7585420000003,1497.391082,3227.345133,1677.811818,1680.04262
../Dataset/ReducedLP/scpclr11_reduced.lp,1386.028523,1729.5465780000002,1583.463524,1581.539925,1731.391544,1725.7591690000002,1724.7881710000001,1493.449437,1699.1109559999998,1624.78892,1794.3685850000002,1794.4536859999998,1797.7191579999999
../Dataset/ReducedLP/scpclr11_reduced.lp,1651.007369,1439.699002,1647.831233,1642.50495,1439.6809970000002,1438.41463,2768.781864,1722.8568280000002,1902.5076210000002,1474.4421810000001,2292.2765010000003,2294.497677,2288.834028
../Dataset/ReducedLP/scpd1_reduced.lp,0.971398,0.881158,0.49932200000000004,0.497704,0.50649,0.527543,0.5190229999999999,0.48733000000000004,0.511195,0.49886400000000003,0.511513,0.526853,0.524995
../Dataset/ReducedLP/scpd1_reduced.lp,0.8557790000000001,0.49501300000000004,0.946384,0.943876,0.49716800000000005,0.5165069999999999,0.515201,0.502278,0.49815299999999996,0.505243,0.49627,0.5168520000000001,0.512632
../Dataset/ReducedLP/scpd1_reduced.lp,0.4501310000000001,0.49103100000000005,0.49663100000000004,0.49899899999999997,0.49459,0.509104,0.506522,0.480712,0.503925,0.495816,0.485888,0.506476,0.502739
../Dataset/ReducedLP/scpd1_reduced.lp,0.434192,0.488497,0.49895600000000007,0.498205,0.48976499999999995,0.503684,0.501887,0.484279,0.5198520000000001,0.49333999999999995,0.49902799999999997,0.5170859999999999,0.517378
../Dataset/ReducedLP/scpd1_reduced.lp,0.449256,0.498313,0.5156930000000001,0.508524,0.505811,0.5175270000000001,0.525825,0.502638,0.506142,0.508155,0.5009399999999999,0.516282,0.52144
../Dataset/ReducedLP/scpd1_reduced.lp,1.036398,0.404391,0.419857,0.41611099999999995,0.420824,0.43801899999999994,0.440644,0.42682700000000007,0.420079,0.42258,0.41804600000000003,0.434687,0.434806
../Dataset/ReducedLP/scpd1_reduced.lp,0.458614,0.48680200000000007,0.519122,0.517966,0.49438000000000004,0.51084,0.508812,0.49593400000000004,0.5131100000000001,0.509473,0.503147,0.510253,0.505149
../Dataset/ReducedLP/scpd1_reduced.lp,0.460355,0.48264700000000005,0.498047,0.49391999999999997,0.479836,0.49753000000000003,0.497199,0.48691899999999994,0.511999,0.492492,0.483171,0.502119,0.5009239999999999
../Dataset/ReducedLP/scpd1_reduced.lp,0.404586,0.428879,0.434386,0.431029,0.439609,0.8436040000000001,0.842046,0.42750900000000003,0.44268199999999996,0.43931899999999996,0.429605,0.448745,0.448946
../Dataset/ReducedLP/scpd1_reduced.lp,0.448625,0.479498,0.49995500000000004,0.49660600000000005,0.48216800000000004,0.498267,0.496859,0.480134,0.504926,0.494982,0.479254,0.499409,0.49663999999999997
../Dataset/ReducedLP/scpd2_reduced.lp,1.475644,1.420703,1.096591,1.0919780000000001,1.090766,1.108732,1.108354,1.080662,1.097167,1.0965129999999998,1.079983,1.1024180000000001,1.1002450000000001
../Dataset/ReducedLP/scpd2_reduced.lp,2.065394,1.099443,1.8647040000000001,1.86391,0.9987370000000001,1.022924,1.0188030000000001,0.9880209999999999,1.0819,1.039966,0.995525,1.0172780000000001,1.012389
../Dataset/ReducedLP/scpd2_reduced.lp,0.883632,0.9819260000000001,0.9959979999999999,0.994869,0.988175,1.014881,1.011527,0.9798540000000001,1.0051350000000001,0.9937790000000001,1.015759,1.0379559999999999,1.035751
../Dataset/ReducedLP/scpd2_reduced.lp,0.8729459999999999,0.957774,0.9878120000000001,0.989324,0.966334,0.983765,0.986708,0.9582450000000001,0.991123,0.9749329999999999,0.9761700000000001,1.000317,1.000828
../Dataset/ReducedLP/scpd2_reduced.lp,0.933417,0.996001,1.010259,1.0024030000000002,0.9313110000000001,0.957773,0.958573,1.029146,0.982809,1.0109219999999999,0.9697629999999999,0.984345,0.988964
../Dataset/ReducedLP/scpd2_reduced.lp,1.842847,1.112715,1.0711540000000002,1.0850540000000002,1.080966,1.0980729999999999,1.112998,1.1083049999999999,1.006745,1.0557299999999998,0.9952639999999999,1.017443,1.024146
../Dataset/ReducedLP/scpd2_reduced.lp,0.96979,1.025503,1.024131,1.0261120000000001,0.9818790000000001,1.004415,0.9979819999999999,1.012635,1.05518,1.029557,1.0351709999999998,1.054064,1.054549
../Dataset/ReducedLP/scpd2_reduced.lp,0.8439260000000001,0.9914219999999999,1.043151,1.020701,0.906517,0.9257690000000001,0.929832,1.0049350000000001,0.911267,0.907125,0.997088,1.0235040000000002,1.021671
../Dataset/ReducedLP/scpd2_reduced.lp,0.858978,1.0756,0.949226,0.9514540000000001,0.972016,1.890382,1.890945,1.0516450000000002,1.060219,1.1197549999999998,1.1296680000000001,1.1554790000000001,1.157476
../Dataset/ReducedLP/scpd2_reduced.lp,1.009542,1.079547,1.09199,1.088717,1.09745,1.118169,1.115527,1.120943,1.126318,1.1079350000000001,1.0708309999999999,1.098539,1.097577
../Dataset/ReducedLP/scpd3_reduced.lp,1.496572,1.0578809999999998,0.778521,0.7750130000000001,0.739405,0.760546,0.782827,0.773284,0.8329559999999999,0.948304,0.8198190000000001,0.8440120000000001,0.843648
../Dataset/ReducedLP/scpd3_reduced.lp,1.439204,0.783044,1.507517,1.4825620000000002,0.785867,0.812604,0.807581,0.799339,0.788998,0.8164640000000001,0.843844,0.869966,0.8749540000000001
../Dataset/ReducedLP/scpd3_reduced.lp,1.317382,0.7967569999999999,0.81196,0.812451,0.761023,0.784511,0.782415,0.773541,0.836124,0.7813829999999999,0.794061,0.813034,0.810285
../Dataset/ReducedLP/scpd3_reduced.lp,0.707292,0.7508020000000001,0.774529,0.746859,0.7287600000000001,0.749879,0.757657,0.775692,0.756033,0.7549060000000001,0.736594,0.7525229999999999,0.751815
../Dataset/ReducedLP/scpd3_reduced.lp,0.714921,0.749484,0.797107,0.793507,0.796265,0.815943,0.811823,0.77408,0.8863110000000001,0.786118,0.8242139999999999,0.847087,0.846843
../Dataset/ReducedLP/scpd3_reduced.lp,1.152499,0.773313,0.749169,0.739839,0.7416550000000001,0.7597970000000001,0.758826,0.696492,0.744607,0.779042,0.749533,0.7756850000000001,0.771946
../Dataset/ReducedLP/scpd3_reduced.lp,0.751931,0.7712979999999999,0.889917,1.737991,0.8334159999999999,0.859512,0.856941,0.775059,0.832139,0.816032,0.750462,0.791728,0.773165
../Dataset/ReducedLP/scpd3_reduced.lp,0.673473,0.766989,0.744577,0.749649,0.797097,0.8227540000000001,0.819058,0.7260989999999999,0.754146,0.763235,0.7318060000000001,0.776667,0.8081020000000001
../Dataset/ReducedLP/scpd3_reduced.lp,0.720062,0.7570279999999999,0.81947,0.8180970000000001,0.7629130000000001,1.484942,1.483408,0.7706529999999999,0.788071,0.799501,0.758038,0.78704,0.7841060000000001
../Dataset/ReducedLP/scpd3_reduced.lp,0.7675390000000001,0.773547,0.856773,0.852799,0.816656,0.835477,0.8362149999999999,0.780439,0.798309,0.870416,0.785458,0.8050149999999999,0.803605
../Dataset/ReducedLP/scpd4_reduced.lp,0.610991,1.20356,0.812046,0.820533,0.7919689999999999,0.809708,0.806607,0.845168,0.819543,0.8266100000000001,0.8833030000000001,0.89818,0.90286
../Dataset/ReducedLP/scpd4_reduced.lp,0.5398430000000001,0.57487,1.1056549999999998,1.106883,0.5912729999999999,0.6140100000000001,0.613282,0.579765,0.595557,0.599565,0.587531,0.6101479999999999,0.607142
../Dataset/ReducedLP/scpd4_reduced.lp,0.636706,0.748844,0.899021,0.895028,0.721268,0.732226,0.7342850000000001,0.754031,0.721126,0.8619190000000001,0.9429350000000001,0.9626040000000001,0.9660979999999999
../Dataset/ReducedLP/scpd4_reduced.lp,0.5604319999999999,0.620579,0.6377619999999999,0.636355,0.616174,0.632499,0.632418,0.61845,0.636039,0.636404,0.615525,0.634686,0.6326970000000001
../Dataset/ReducedLP/scpd4_reduced.lp,0.62655,0.689915,0.698665,0.6995899999999999,0.662637,0.685589,0.679491,0.668701,0.699835,0.721337,0.700346,0.71314,0.712907
../Dataset/ReducedLP/scpd4_reduced.lp,1.396409,0.647353,0.681148,0.683319,0.652151,0.6738689999999999,0.6688470000000001,0.651932,0.656177,0.6665300000000001,0.654115,0.6793140000000001,0.677532
../Dataset/ReducedLP/scpd4_reduced.lp,0.666682,0.729992,0.7562439999999999,0.757091,0.71299,0.73328,0.730525,0.727928,0.728718,0.7491329999999999,0.713227,0.728387,0.7313689999999999
../Dataset/ReducedLP/scpd4_reduced.lp,0.579721,0.627074,0.632147,0.630011,0.6207699999999999,0.640225,0.655569,0.608286,0.631209,0.631707,0.6112890000000001,0.628301,0.626991
../Dataset/ReducedLP/scpd4_reduced.lp,0.765203,0.788197,0.8214879999999999,0.8192450000000001,0.689248,1.3561299999999998,1.336717,0.8723989999999999,0.729553,0.735338,0.696721,0.713164,0.715072
../Dataset/ReducedLP/scpd4_reduced.lp,0.58007,0.6481640000000001,0.679642,0.677461,0.645413,0.670216,0.6648470000000001,0.655443,0.678649,0.6612899999999999,0.655989,0.680596,0.674805
../Dataset/ReducedLP/scpnre1_reduced.lp,13.526487,17.188710999999998,16.008696,15.964292000000002,18.52252,18.734710999999997,18.70834,16.93037,16.261829000000002,17.075534,17.444856,17.561491,17.548287
../Dataset/ReducedLP/scpnre1_reduced.lp,25.274235,14.317597,30.175387,30.167613,14.797787,14.942301,14.886507,16.615776999999998,15.75831,17.316654,14.661854,14.772773,14.723773999999999
../Dataset/ReducedLP/scpnre1_reduced.lp,25.313798,16.131401999999998,16.402699,16.401232999999998,17.363007,17.503903,17.481428,16.617379,16.564335999999997,15.754795999999999,13.33554,13.486862,13.443014000000002
../Dataset/ReducedLP/scpnre1_reduced.lp,12.846271,13.837326000000001,15.027612,15.015509,16.118744,16.310506,16.260765,15.628679,13.640388,15.315498000000002,13.518072,13.705694,13.625841000000001
../Dataset/ReducedLP/scpnre1_reduced.lp,13.556913,15.54265,13.247345999999999,13.232647,14.800385999999998,14.934961,14.889553,15.31856,13.534751000000002,16.128255,14.679685000000001,14.838918,14.774528
../Dataset/ReducedLP/scpnre1_reduced.lp,14.553582999999998,16.797465,16.537867000000002,16.529685,16.12313,16.219498,16.200948,14.917202,13.933193,14.39778,14.443562,14.60834,14.554666000000001
../Dataset/ReducedLP/scpnre1_reduced.lp,14.278467,16.542773,13.741528,13.710324,15.741388,15.889614000000002,15.84545,15.072719000000001,14.630714000000001,19.847723000000002,14.650263,14.782070999999998,14.768562
../Dataset/ReducedLP/scpnre1_reduced.lp,14.12808,15.549275,15.699088,15.658242000000001,15.560096,15.700572,15.675817000000002,15.816691,14.030957999999998,15.022981,15.271532,15.421842000000002,15.430072000000001
../Dataset/ReducedLP/scpnre1_reduced.lp,15.546692000000002,14.083385999999999,14.833457000000001,14.766067999999999,16.670298000000003,32.405788,32.334115000000004,17.070198,15.390854000000001,16.256565,14.902142999999999,15.059477,15.002085999999998
../Dataset/ReducedLP/scpnre1_reduced.lp,12.625503,13.821589999999999,14.404526,14.367838,13.931168,14.109823,14.052026000000001,15.004809,14.197564000000002,14.7575,13.588187,13.719535,13.665539
../Dataset/ReducedLP/scpnre2_reduced.lp,184.243254,245.549409,55.131228,53.738176,131.58472700000002,81.450643,81.569482,217.01148799999999,141.007767,225.445387,113.92825500000001,229.825551,231.01027799999997
../Dataset/ReducedLP/scpnre2_reduced.lp,236.663566,163.83959099999998,123.524304,123.59048100000001,103.694247,103.584303,103.82262,233.327491,233.27487200000002,161.917912,201.162395,72.224843,225.06298199999998
../Dataset/ReducedLP/scpnre2_reduced.lp,166.51833100000005,116.922354,52.840775,52.82253299999999,98.67004,53.787185,53.914625,83.512479,180.527353,271.53493,181.660678,53.841623,192.179026
../Dataset/ReducedLP/scpnre2_reduced.lp,165.86448700000003,219.942304,115.45828999999999,115.94188700000001,176.680116,47.194931,47.226663,122.80377,242.916254,156.83017900000002,208.477198,68.599331,170.214581
../Dataset/ReducedLP/scpnre2_reduced.lp,159.970849,184.02955,221.41457999999997,219.920296,131.60153799999998,131.223039,131.154543,198.35511100000002,168.82814199999999,227.96846299999999,120.551203,120.63048700000002,121.833329
../Dataset/ReducedLP/scpnre2_reduced.lp,57.562387,183.109624,204.331343,226.291039,174.560724,253.994356,131.343726,140.749772,244.626986,225.678611,129.032838,130.307023,130.742845
../Dataset/ReducedLP/scpnre2_reduced.lp,117.498866,185.559438,112.47118,154.862463,92.06846,91.078863,90.81770300000001,119.92641100000002,198.165452,219.57654100000002,199.385205,73.92184499999999,212.400631
../Dataset/ReducedLP/scpnre2_reduced.lp,137.236992,152.890893,106.11229099999998,106.341774,100.795694,107.79808100000001,107.672555,97.43798000000001,406.93863999999996,214.362596,55.93180699999999,50.627280999999996,46.910401
../Dataset/ReducedLP/scpnre2_reduced.lp,96.396807,187.219217,205.436396,206.960941,139.99608899999998,272.24455,141.290731,209.540089,95.769778,236.89772000000002,250.383805,197.263343,248.23140800000002
../Dataset/ReducedLP/scpnre2_reduced.lp,185.008111,206.10238,125.559657,125.534748,162.370405,198.84319,198.536177,216.640331,222.91081400000002,253.484679,249.284791,256.237993,248.75974900000003
../Dataset/ReducedLP/scpnre3_reduced.lp,17.10829,7.087308999999999,15.924506,15.884623999999999,6.314918,6.459593,6.45032,6.54704,14.809873999999999,22.966331,7.379550999999999,7.525919,7.49567
../Dataset/ReducedLP/scpnre3_reduced.lp,5.9451,9.212133999999999,40.351457,20.813837,6.645969,6.803623,6.75205,11.456245,12.882054,8.711793,7.097138,7.290189,7.211608999999999
../Dataset/ReducedLP/scpnre3_reduced.lp,13.037253,6.755603,6.973189,6.955202000000001,19.259298,19.434596,19.353710999999997,26.093267,30.493554999999997,11.818969000000001,6.8438740000000005,7.005914,6.969671000000001
../Dataset/ReducedLP/scpnre3_reduced.lp,6.7219570000000015,12.559348,17.051644,17.051607,7.813619,7.9848289999999995,7.942100999999999,10.800448,9.47451,9.922589,19.300743,19.406681,19.347058999999998
../Dataset/ReducedLP/scpnre3_reduced.lp,8.200189,9.392549,24.043479,23.993496,6.546696,6.6681919999999995,6.650678,7.063687,9.308625,7.524992,6.50804,6.65888,6.643617
../Dataset/ReducedLP/scpnre3_reduced.lp,6.936071000000001,15.204189999999999,15.776682000000001,15.758241,9.948108,10.111889999999999,10.05897,25.679819000000002,21.206384,35.971977,23.315317999999998,23.482526999999997,23.43727
../Dataset/ReducedLP/scpnre3_reduced.lp,15.399603,8.564126,30.977103000000003,30.978558000000003,9.777581,9.931678999999999,9.916737,8.826253,29.403840999999996,7.211567,11.428972,11.570257000000002,11.564241
../Dataset/ReducedLP/scpnre3_reduced.lp,6.7816600000000005,15.314901999999998,19.556938,19.534177,9.29244,9.430267,9.392837,26.99035,8.776616,30.805745,20.244089000000002,20.422318,20.374913
../Dataset/ReducedLP/scpnre3_reduced.lp,22.868883,17.962167,7.543365,7.5078320000000005,6.385701,12.624261,6.504445,21.777745,7.307691999999999,7.642295,7.533639,7.712246,7.661469
../Dataset/ReducedLP/scpnre3_reduced.lp,7.489484,8.667479,15.773451000000001,15.723629999999998,8.317707,8.462416000000001,8.450108,6.651279,8.779857000000002,7.82935,12.297941,6.517841000000001,6.467519
../Dataset/ReducedLP/scpnre4_reduced.lp,13.119596,14.894882,28.208831,28.148421999999997,16.924035999999997,17.060876999999998,17.032559,45.36979,63.811958999999995,32.045390000000005,29.889035999999997,30.040604,29.965141
../Dataset/ReducedLP/scpnre4_reduced.lp,12.467913,31.951833,47.705172999999995,47.650249,13.466629999999999,13.625567000000002,13.586673000000001,29.588103999999998,18.401606,17.449285,25.45381,25.615729,25.594465
../Dataset/ReducedLP/scpnre4_reduced.lp,63.41135300000001,24.315639,36.981359000000005,36.968437,31.986684000000004,32.154499,32.134437,26.491191999999998,73.122514,21.038485,34.576879,34.692910999999995,34.621202000000004
../Dataset/ReducedLP/scpnre4_reduced.lp,19.52332,28.838364000000002,31.515999,31.497044,13.097955,13.250392000000002,13.234228,52.317296,23.978264000000003,15.931913,32.686847,32.756172,32.723786
../Dataset/ReducedLP/scpnre4_reduced.lp,13.51836,28.642695,23.897897,23.872654,44.740648,44.874576,44.897729,34.118109000000004,34.173935,31.38952,26.483839,26.665066999999997,26.620692
../Dataset/ReducedLP/scpnre4_reduced.lp,19.567059,30.82297,15.329495000000001,15.303115,42.356643,42.443934999999996,42.398288,14.838864000000001,43.697831,22.01214,27.008344,27.201286,27.163010999999997
../Dataset/ReducedLP/scpnre4_reduced.lp,38.84329,29.653954,15.788301,15.777925,15.332277,15.475639000000001,15.476588000000001,14.312921,14.210623000000002,27.252330999999998,32.638782,32.785163,32.755946
../Dataset/ReducedLP/scpnre4_reduced.lp,36.129569,43.314583,41.716257,80.726472,43.246361,43.329589,43.202185,39.951370000000004,18.961236,67.76522299999999,27.726367,27.953035999999997,27.868569
../Dataset/ReducedLP/scpnre4_reduced.lp,33.054248,32.387399,45.793786,45.865274,18.845697,18.990304000000002,36.596468,43.102757000000004,30.632741999999997,22.161896,24.024697,24.190947,24.182976999999998
../Dataset/ReducedLP/scpnre4_reduced.lp,15.138562,29.654026,29.834444,29.876890000000003,23.049141,23.197329,23.157948,18.658352,38.504699,31.866545000000002,34.226224,34.40747,34.43121
../Dataset/ReducedLP/scpnre5_reduced.lp,4.703101,5.467062,4.861358,4.818079,4.703018,4.851921,4.826829,4.591069999999999,4.894633,5.773744000000001,4.521932,4.675656,4.640823999999999
../Dataset/ReducedLP/scpnre5_reduced.lp,4.651795,4.8690620000000004,9.907445,5.107784,4.631949,4.775436,4.739395,4.699679,4.89635,5.843603,4.6544099999999995,4.808216000000001,4.779355000000001
../Dataset/ReducedLP/scpnre5_reduced.lp,8.652246,4.84663,4.766831,4.749549,4.670691000000001,4.828073000000001,4.788781,4.5264940000000005,4.626309,5.374161,4.569033999999999,4.718234,4.695094
../Dataset/ReducedLP/scpnre5_reduced.lp,4.901354,5.005718,5.368021,5.341164,5.144693,5.288828,5.265066,5.059401,5.185409,5.875531,4.775599,4.9159559999999995,4.887354
../Dataset/ReducedLP/scpnre5_reduced.lp,4.54366,5.267487,5.4047529999999995,5.408515,5.050578,5.184571,5.162246,5.199731,5.0493809999999995,6.057491000000001,5.038239,5.1967099999999995,5.148209
../Dataset/ReducedLP/scpnre5_reduced.lp,5.036258,4.947494,5.046444,5.037744,4.7109760000000005,4.866646,4.835489,5.585236,4.997271,6.610647999999999,4.890787,5.032127,5.007543
../Dataset/ReducedLP/scpnre5_reduced.lp,5.2389199999999985,5.600059,5.282575,5.2426,5.067101,5.184138,5.153916000000001,4.984451,5.195598,5.5583480000000005,5.0132129999999995,5.156849,5.130006
../Dataset/ReducedLP/scpnre5_reduced.lp,4.6438190000000015,4.81195,5.291693,5.262504,5.067868,5.2142290000000004,5.187244000000001,5.357189,5.0948400000000005,5.466828,4.755584,4.898338,4.873328
../Dataset/ReducedLP/scpnre5_reduced.lp,4.454948,4.704124,4.688752,4.664215,4.718165,4.861209,4.8197209999999995,4.837999,5.117114,5.393212,4.585856,4.739175,4.707221
../Dataset/ReducedLP/scpnre5_reduced.lp,4.558058,4.927293,5.16553,5.152158,4.999798999999999,5.152196,5.120832,5.146072,5.234437000000001,5.555184,9.923696000000001,5.279921,5.241779
../Dataset/ReducedLP/scpnrf1_reduced.lp,10.745329,14.685795,12.911562,10.893493,11.682978,13.115395999999999,11.638406,14.659654000000002,13.119001999999998,14.174192000000001,15.235417000000002,12.922947,13.775101000000001
../Dataset/ReducedLP/scpnrf1_reduced.lp,12.256882,11.197044,12.55194,24.276844,10.984527,12.707532,12.711805,18.004888,12.610118,11.215672,17.819917,12.740488000000001,10.979152000000001
../Dataset/ReducedLP/scpnrf1_reduced.lp,13.492889000000002,12.432361,12.478959,12.05976,12.701808,12.151446,13.395706,13.846351,14.0084,11.83253,16.285719,14.577353,11.724292
../Dataset/ReducedLP/scpnrf1_reduced.lp,11.620393,12.943589,15.507765,13.315026999999999,13.589065,13.657001999999999,13.134108,19.423392,13.900342000000002,12.886407,19.887013,13.771101999999999,12.924576
../Dataset/ReducedLP/scpnrf1_reduced.lp,12.321552,12.062586999999999,12.608080000000001,12.872333,11.955384,12.613611,12.439958,16.381959,16.321435,12.073862,15.480839999999999,16.556344,12.265507000000001
../Dataset/ReducedLP/scpnrf1_reduced.lp,10.946119,12.173135,13.298247,12.104981,11.439788,13.494822000000001,23.349273999999998,14.30159,14.879782999999998,10.433031,13.134716000000001,14.865164000000002,10.432495
../Dataset/ReducedLP/scpnrf1_reduced.lp,11.954162,11.436478999999999,12.727971,14.114562,11.708646,12.69445,13.702865,13.979548000000001,14.703084,10.937612,14.050578,14.624089999999999,10.771206
../Dataset/ReducedLP/scpnrf1_reduced.lp,10.909639,11.33158,13.539173000000002,13.554489000000002,11.987922,13.264844,14.148869,14.353966,13.313381,12.769407000000001,15.188285999999998,13.088416,12.250794
../Dataset/ReducedLP/scpnrf1_reduced.lp,13.711997,11.440932,13.140682,12.600559,12.865791999999999,13.259117999999999,12.11145,15.085614000000001,13.689051000000001,11.730722,17.228410999999998,13.773330999999999,11.807803
../Dataset/ReducedLP/scpnrf1_reduced.lp,10.764703,11.135776,12.289976,13.738167,11.344561,12.347579,13.139719,15.574475,12.385058,11.088825,30.416758,12.494972,11.078812
../Dataset/ReducedLP/scpnrf2_reduced.lp,7.203105,7.61182,8.211942,16.147545,7.450019999999999,8.172536000000001,8.367171,10.021222,9.177322,8.108271,9.60137,8.726378,7.968443
../Dataset/ReducedLP/scpnrf2_reduced.lp,6.7291789999999985,7.028475,7.822463000000001,8.2664,7.260294,7.842534,8.231345,7.752694,7.051035000000001,7.727794,7.828550999999999,7.101689,7.737867999999999
../Dataset/ReducedLP/scpnrf2_reduced.lp,12.711297,7.849810000000001,7.686042,7.593516,7.607532000000001,7.712649000000001,7.634675,9.549355,7.186248,7.865345,9.264978999999999,7.222739,7.896366
../Dataset/ReducedLP/scpnrf2_reduced.lp,6.819089999999999,6.646969,6.961664,7.209836999999999,6.59478,6.961017999999999,7.204016,7.620077,7.3875720000000005,7.051961,7.395053,7.3354289999999995,7.032305
../Dataset/ReducedLP/scpnrf2_reduced.lp,7.0551210000000015,7.000210000000001,8.253173,8.129949,6.979647999999999,8.200083,8.176207000000002,7.688664999999999,8.811221000000002,7.403131,7.7179660000000005,8.811187,7.421724
../Dataset/ReducedLP/scpnrf2_reduced.lp,6.661983,7.362322,7.148758,7.4058649999999995,7.623372,7.034108,7.738135000000001,9.044721000000001,7.321875,7.705972999999999,8.055793,7.349628,7.62028
../Dataset/ReducedLP/scpnrf2_reduced.lp,7.273211,7.740218,7.726553,8.652234,7.531889,7.738465,8.643848,8.944801,8.5921,8.251885000000001,8.285925,8.634326,8.274295
../Dataset/ReducedLP/scpnrf2_reduced.lp,6.446388,8.026744,7.281394000000001,8.00423,7.373587,7.2905050000000005,7.982809,8.15778,7.932389,6.381295,7.922772999999999,7.929227,6.639378
../Dataset/ReducedLP/scpnrf2_reduced.lp,6.119349,6.5700199999999995,7.292114,7.529794,6.450357,7.2806630000000006,7.47668,7.578164999999999,7.368435000000001,6.933339999999999,7.575593,7.3574,6.8878330000000005
../Dataset/ReducedLP/scpnrf2_reduced.lp,7.151145,7.292732000000001,7.261677000000001,8.464412,7.385458,7.251346000000001,8.438969,6.988384,8.217062,7.502514,7.564424000000001,8.231384,7.516863000000001
../Dataset/ReducedLP/scpnrf3_reduced.lp,5.2968769999999985,4.430084,7.954501,6.4538400000000005,4.062705,7.964521,6.466339,5.6995309999999995,9.994091000000001,7.6142259999999995,5.732133,9.977549,7.62644
../Dataset/ReducedLP/scpnrf3_reduced.lp,3.19636,3.5756,3.8199989999999997,7.288727000000001,3.568941,3.815556,3.797261,3.748389,3.704229,3.6677519999999997,3.746342,3.7037430000000002,3.642603
../Dataset/ReducedLP/scpnrf3_reduced.lp,5.495189,7.786942999999999,6.066212999999999,10.102217,7.767919999999999,6.05549,10.130942999999998,5.742609,4.059812,3.7888889999999997,5.740517,4.046837,3.773363
../Dataset/ReducedLP/scpnrf3_reduced.lp,4.248268,6.334444,3.826035,4.534065,6.342668,3.8129150000000003,4.530965,3.994189,3.957225,9.933567,3.992752,3.9477160000000002,9.931392
../Dataset/ReducedLP/scpnrf3_reduced.lp,5.846277,6.9903509999999995,8.052435000000001,9.215579,7.007555,8.066898,9.24762,11.748998,4.195303,7.423649,11.758547,4.194528,7.427282000000001
../Dataset/ReducedLP/scpnrf3_reduced.lp,3.470921,3.5490699999999995,3.659408,3.6805,3.5408160000000004,7.009822,3.672718,3.586531,3.676664,3.6551050000000003,3.5900589999999997,3.6742209999999997,3.669059
../Dataset/ReducedLP/scpnrf3_reduced.lp,8.398074000000001,9.228621,8.178678999999999,9.646484,9.250074,8.171758,9.643936,5.576753,5.021418,10.641200999999999,5.558865,5.009252,10.669969
../Dataset/ReducedLP/scpnrf3_reduced.lp,3.310504,3.474129,3.753801,3.6891230000000004,3.465568,3.758865,3.6771160000000003,3.899896,3.7862699999999996,3.714631,3.8934839999999995,3.7916230000000004,3.7093629999999997
../Dataset/ReducedLP/scpnrf3_reduced.lp,3.720284,4.2154620000000005,5.781246,6.074451,4.2089,5.777998,11.716204,4.431127,5.77024,6.078453,4.4062410000000005,5.777527,6.072147
../Dataset/ReducedLP/scpnrf3_reduced.lp,3.242931,3.427654,3.726832,3.6236940000000004,3.4309220000000002,3.722007,3.611657,3.5508319999999998,3.7584910000000002,3.8402870000000005,3.5611870000000003,3.781933,3.839389
../Dataset/ReducedLP/scpnrf4_reduced.lp,20.577622,26.243558,26.450304,24.204352,25.770913,26.418149,24.261731,24.85839,26.455495000000003,26.244404,24.855161,26.515320000000003,26.215823999999998
../Dataset/ReducedLP/scpnrf4_reduced.lp,29.45325,22.562523000000002,28.148,23.885567,22.566231,28.063882,23.750628,26.311806,28.980921999999996,23.833792000000003,26.247738000000002,28.938734000000004,23.822451
../Dataset/ReducedLP/scpnrf4_reduced.lp,19.530296,28.297942,33.700086999999996,24.370728,28.411493,33.834625,24.316997,26.548169,22.949720000000003,21.548178,26.624553999999996,22.880047,21.604971
../Dataset/ReducedLP/scpnrf4_reduced.lp,20.182270000000006,21.983556,22.461206,27.532678000000004,21.963539,22.409222,27.537035999999997,33.021011,36.302842,26.917766999999998,33.214928,36.324078,26.960365999999997
../Dataset/ReducedLP/scpnrf4_reduced.lp,21.626109,25.462754999999998,33.491446,22.972461,25.451531,33.365878,23.017794,23.093524,27.026746999999997,27.732884000000002,23.130432,27.011946000000002,27.756233
../Dataset/ReducedLP/scpnrf4_reduced.lp,21.756427,24.089698000000002,24.007808999999998,21.181355,24.011127,24.058585,40.72766,34.530021000000005,28.344015000000002,22.745820000000002,34.621007,28.342575,22.705795000000002
../Dataset/ReducedLP/scpnrf4_reduced.lp,17.607744,26.570646000000004,21.780242,21.21746,26.620973,21.931713000000002,21.224026000000002,27.703126,21.890118,20.452385999999997,27.706864000000003,21.852842000000003,20.456948999999998
../Dataset/ReducedLP/scpnrf4_reduced.lp,21.060165,22.654393,22.975341,21.478299,22.652101000000002,23.036796,21.466741,26.945515000000004,25.578049,20.874763,27.012251000000003,25.500001,20.817551
../Dataset/ReducedLP/scpnrf4_reduced.lp,19.375892,23.045859,24.438722,57.741597,23.147005,24.384881,57.923327,27.535358000000002,24.730213,44.849004,27.655788,24.790833,44.810722999999996
../Dataset/ReducedLP/scpnrf4_reduced.lp,20.530682,25.567953,27.760998999999998,23.488336999999998,25.613422,27.770211,23.556826,27.922703000000002,21.363332999999997,29.984816,27.979652,21.404582,30.09918
../Dataset/ReducedLP/scpnrf5_reduced.lp,24.897322,20.116748,24.465284,23.569311,19.561022,24.359006,23.468048,96.84259300000001,28.764747999999997,32.87258,96.71996999999999,28.801871999999996,32.967496000000004
../Dataset/ReducedLP/scpnrf5_reduced.lp,54.69866500000001,124.05668600000001,20.104209,36.708284,124.11754499999999,20.120528,19.071142000000002,48.801195,91.29675300000001,19.20498,48.795576000000004,91.305611,19.164787
../Dataset/ReducedLP/scpnrf5_reduced.lp,49.531196,23.998066,45.094998,26.160218,23.929485,45.15178,26.24307,32.339838,21.474047,25.782272,32.299236,21.512804,25.747047
../Dataset/ReducedLP/scpnrf5_reduced.lp,20.838882,19.075156,35.849983,21.105235,19.087075,36.021978999999995,21.047569,31.651366999999997,19.272505,26.087613,31.650230999999998,19.330420999999998,26.028162
../Dataset/ReducedLP/scpnrf5_reduced.lp,35.370503,90.300094,21.159292,21.17836,90.199207,21.224797,21.235576000000002,31.694321000000002,22.31137,25.078045,31.541043,22.198061,24.988388
../Dataset/ReducedLP/scpnrf5_reduced.lp,18.352758,18.664863,30.229778999999997,27.631613,18.740412,30.296558,53.15356800000001,115.249858,22.823844,34.010406,115.21879799999999,22.813011,34.030975
../Dataset/ReducedLP/scpnrf5_reduced.lp,20.541801,30.323937,88.115071,41.63892,30.464369,88.372302,41.615138,60.350625,28.508237,26.947578000000004,60.545609999999996,28.541468,26.910245
../Dataset/ReducedLP/scpnrf5_reduced.lp,22.226455,16.883795000000003,27.378579,37.991498,16.885038,29.360961,38.163209,40.436125,22.314207999999997,19.26688,40.274537,22.254452,19.275503
../Dataset/ReducedLP/scpnrf5_reduced.lp,85.403847,19.031254999999998,22.384311999999998,19.973667000000003,19.070918,22.339485,38.407551,25.832507999999997,26.058751,18.176239000000002,25.861547,26.04751,18.115234
../Dataset/ReducedLP/scpnrf5_reduced.lp,17.425585,18.809735999999997,38.967376,28.399390000000004,18.870345,38.986995,28.460721000000003,23.737698,27.883978999999997,18.336098,23.709487,27.908665999999997,18.443323
../Dataset/ReducedLP/scpnrg1_reduced.lp,2665.373143,2490.968743,2702.794314,3602.129914,3601.3770670000004,3601.3695310000003,3601.351554,3600.6521020000005,3600.6542799999997,3601.3687590000004,3600.657871,3601.370016,3600.6553
../Dataset/ReducedLP/scpnrg1_reduced.lp,2640.668875,3600.6466100000002,3601.36016,3601.3488420000003,3179.156437,3173.394322,3170.272085,3451.765666,3601.388744,3204.907677,3601.3468780000003,3600.646593,3601.3573869999996
../Dataset/ReducedLP/scpnrg1_reduced.lp,3535.884633,3450.319895,3600.645768,3601.357529,3569.192625,3570.015669,3555.993318,3601.354521,3568.336512,3600.64263,3534.021345,3530.219293,3527.2872700000003
../Dataset/ReducedLP/scpnrg1_reduced.lp,3012.764646,3601.356724,3601.356964,3601.376332,3258.458652,3259.243696,3258.4257789999997,3600.6395939999998,3601.343386,3600.646064,3461.697436,3471.349843,3451.976763
../Dataset/ReducedLP/scpnrg1_reduced.lp,3009.463389,3293.316308,3601.373967,3601.3958789999997,3269.489031,3251.5045579999996,3253.634609,3509.342235,3600.6453070000002,3600.640298,3320.666803,3336.044295,3330.099435
../Dataset/ReducedLP/scpnrg1_reduced.lp,2615.202384,3603.7050590000003,3603.7377890000002,3603.7384450000004,3601.360884,3601.379075,3601.366576,3601.3560759999996,3601.358793,3602.953343,3601.382608,3601.3849259999997,3601.354338
../Dataset/ReducedLP/scpnrg1_reduced.lp,3360.243376,3413.231135,3284.563971,3281.676164,2486.315505,3539.542342,3535.553665,3187.882949,3180.657053,3236.602259,3260.589614,3270.3159379999997,3253.292236
../Dataset/ReducedLP/scpnrg1_reduced.lp,3600.754175,2723.49134,3493.6015700000003,3493.642675,3539.239861,2483.208663,2486.137206,3600.641357,3348.210352,2753.780186,3601.369686,3592.285379,3582.533333
../Dataset/ReducedLP/scpnrg1_reduced.lp,3600.743166,3601.3447,3600.647439,3600.650729,3601.369356,3600.6549549999995,3600.648139,3600.6469869999996,3600.641271,3601.369107,3604.077975,3576.939061,3594.111951
../Dataset/ReducedLP/scpnrg1_reduced.lp,3600.030601,3600.638658,3519.2906340000004,3517.9982159999995,3601.3651670000004,3601.3504770000004,3601.3570670000004,3601.342359,3600.640925,3600.640288,3603.909797,3601.352591,3600.645604
../Dataset/ReducedLP/scpnrg2_reduced.lp,402.161936,2337.4222600000003,2372.316293,2370.768839,450.37477800000005,2867.532693,2857.810623,2891.116319,3600.5141799999997,2074.810367,1092.492498,1092.948027,1096.388108
../Dataset/ReducedLP/scpnrg2_reduced.lp,1685.938766,1304.226717,2941.071437,2929.351448,2055.190734,2052.731529,2060.053611,1116.025485,1453.9716720000001,2287.02777,1156.2641529999999,1154.064101,1155.95849
../Dataset/ReducedLP/scpnrg2_reduced.lp,1772.566796,427.04245599999996,437.475397,437.554048,2861.915931,449.39968,450.36233200000004,972.2116390000001,454.98821200000003,585.7041519999999,431.37791100000004,431.368036,430.55373099999997
../Dataset/ReducedLP/scpnrg2_reduced.lp,1428.5248390000004,1076.3084210000002,1968.231077,1977.5217309999998,407.466714,1197.7862810000001,1191.170575,1327.958806,2511.387368,2008.8247440000002,1030.0286429999999,1027.646068,1028.195222
../Dataset/ReducedLP/scpnrg2_reduced.lp,669.567861,421.86455199999995,792.730021,793.430466,1200.213343,406.479977,404.882254,551.807486,1136.217637,491.78126799999995,1077.340956,1076.08511,1078.0108890000001
../Dataset/ReducedLP/scpnrg2_reduced.lp,470.19886900000006,467.41401799999994,744.545621,743.626465,1118.502015,2158.913815,1116.396117,628.576331,1030.814052,487.681159,549.527158,551.161124,549.5155490000001
../Dataset/ReducedLP/scpnrg2_reduced.lp,908.15437,1428.760302,1578.635999,1576.824667,1246.5569560000001,1237.7025230000002,1240.982651,2267.439894,1167.834274,3603.793729,3090.447407,3100.706023,3095.197212
../Dataset/ReducedLP/scpnrg2_reduced.lp,1049.087207,737.373625,363.166794,363.871565,842.9780089999999,841.0264689999999,842.795415,974.6555710000001,479.504531,537.61806,436.206524,436.73567599999996,435.93097400000005
../Dataset/ReducedLP/scpnrg2_reduced.lp,1425.28558,676.388475,808.124086,809.4132940000001,1005.71196,1939.5309710000001,1006.790963,1370.740325,862.7621300000001,584.848861,1173.518266,1173.229296,1173.313701
../Dataset/ReducedLP/scpnrg2_reduced.lp,2250.333229,1345.3476289999999,1642.079706,1645.4790070000001,3560.807689,3562.105496,3559.538085,3194.407777,1492.392427,3601.2485590000006,1246.909216,1253.908181,1250.331326
